time_s,kind,onto,leg,entry_sog,min_sog,speed_loss_kt,speed_loss_pct,recovery_s,distance_lost_m,heading_change,note
99,Tack,Port,1,5.14,3.59,1.55,30,3,1.2,68,
430,Tack,Port,1,5.83,3.53,2.3,39,13,5.0,81,
624,Tack,Stbd,1,6.02,4.09,1.93,32,14,8.6,-94,
717,Tack,Port,1,4.97,3.41,1.56,31,10,1.8,75,
833,Tack,Stbd,1,5.47,3.42,2.05,38,9,14.5,-72,
878,Tack,Port,1,4.1,2.61,1.49,36,11,-1.4,84,double (<30 s apart; loss numbers overlap)
896,Tack,Stbd,1,4.08,3.25,0.83,20,6,-10.2,-85,double (<30 s apart; loss numbers overlap)
1607,Tack,Port,3,4.87,2.5,2.36,49,15,10.3,77,
1691,Tack,Stbd,3,6.18,3.84,2.34,38,34,-2.3,-90,
1911,Tack,Port,3,5.81,3.79,2.02,35,15,4.9,78,
2133,Tack,Stbd,3,5.35,3.92,1.42,27,5,11.9,-100,
2547,Gybe,Stbd,4,4.7,4.79,-0.09,-2,15,-17.8,40,
2723,Tack,Stbd,5,4.29,2.9,1.39,32,11,-12.1,-91,
2813,Tack,Port,5,5.28,3.56,1.72,33,8,6.5,86,
3000,Tack,Stbd,5,5.5,3.41,2.09,38,23,6.6,-95,
3299,Tack,Port,5,5.42,3.39,2.03,37,13,8.2,78,
3368,Tack,Stbd,5,5.69,3.73,1.97,35,34,16.1,-90,
