time_s,kind,onto,leg,entry_sog,min_sog,speed_loss_kt,speed_loss_pct,recovery_s,distance_lost_m,heading_change,note,call_m
98,Tack,Port,1,5.92,4.12,1.79,30,21.0,16.5,77,,11.6
642,Tack,Stbd,1,3.69,2.09,1.6,43,14.0,7.9,-78,,1.9
816,Tack,Port,1,3.49,2.09,1.4,40,,7.6,89,,8.9
966,Tack,Stbd,1,3.66,2.05,1.61,44,8.0,-2.3,-82,,5.9
1123,Tack,Port,1,4.14,1.81,2.33,56,,1.9,108,,-1.9
1198,Tack,Stbd,1,2.95,1.64,1.31,45,9.0,-23.3,-79,from past the layline (ending an overstand),-4.5
1389,Gybe,Port,2,4.49,2.72,1.76,39,39.0,-1.1,-55,,9.2
1830,Gybe,Stbd,2,4.57,3.7,0.87,19,5.0,-18.6,75,from past the layline (ending an overstand),-38.3
2727,Tack,Stbd,3,5.38,3.95,1.43,27,18.0,5.6,-64,,1.3
3021,Tack,Port,3,4.66,3.55,1.12,24,5.0,28.9,70,double (<30 s apart; loss numbers overlap),5.7
3045,Tack,Stbd,3,4.72,3.14,1.59,34,11.0,-20.4,-80,double (<30 s apart; loss numbers overlap),-22.0
3382,Gybe,Port,4,4.85,3.65,1.21,25,5.0,-0.7,-51,,-9.2
